funder,count
program,160
i,64
m,57
foundation,26
health research,10
world health organization,6
allergen,5
google,5
department of health,4
ministry of health,3
centers for disease control and prevention,3
chinese center for disease control and prevention.,2
cognizant,2
subway,2
public health institute,2
home office,,1
food and drug administration,1
world health organization,,1
national institute of allergy and infectious diseases,,1
international society of travel medicine,1
help for children,1
national academies of sciences, engineering, and medicine,1
peking union medical college hospital,1
national institutes of health,1
national health research institutes.,1
the rockefeller university.,1
heart rhythm society,1
stroke association,1
home office,1
national institutes of health,,1
national center for biotechnology,1
heart rhythm society.,1
pediatric infectious diseases society,1
shine,1
department of health,,1
health research.,1
health research,,1
converse,1
