funders,count
EMBO,116
National Academy of Sciences,112
World Health Organization,98
National Institutes of Health,50
Royal Society,46
National Natural Science Foundation of China,40
Wellcome Trust,40
World Health Organization.,37
Centers for Disease Control and Prevention,36
Department of Health,31
Research and Development,30
National Science Foundation,29
Roche,26
National Academy of Sciences,,25
World Health Organization,,23
Medical Research Council,20
National Institute of Allergy and Infectious Diseases,17
Orange,17
European Research Council,17
Chinese Academy of Sciences,15
National Academy of Sciences.,14
National Institutes of Health,,13
National Institutes of Health.,13
National Research Foundation,13
Food and Drug Administration,13
Health Research,13
Princeton University,12
Centers for Disease Control and Prevention.,12
Academy of Medical Sciences,11
EMC,11
National Institute of General Medical Sciences,11
World Health Organization;,11
Ministry of Education,10
Thermo Scientific,10
University of California,,10
University of North Carolina,9
American Society for Microbiology;,9
Ministry of Health,9
Merck,9
Chinese Academy of Medical Sciences,9
Ministry of Economy,8
Institut Pasteur,8
European Commission,8
University of Texas Medical Branch,8
Ministry of Science and Technology,8
National Academy of Sciences;,8
Jackson Laboratory,7
University of Michigan,7
School of Medicine,,7
National Institute for Health Research,7
Chinese Center for Disease Control and Prevention.,7
American Chemical Society,7
Johns Hopkins University,7
University of Hong Kong,7
University of Washington,7
Howard Hughes Medical Institute.,7
Australian Research Council,6
United Nations,6
Howard Hughes Medical Institute,6
Tsinghua University,6
Bayer,6
Philips,6
Bill and Melinda Gates Foundation,6
Biotechnology and Biological Sciences Research Council,6
Amazon Web Services,5
GE Healthcare,,5
Seoul National University,5
University of Georgia,5
New England Biolabs,5
Infectious Diseases Society of America.,5
KU Leuven,5
Office of Science,5
Public Health England,5
School of Medicine,5
Centers for Disease Control and Prevention,,5
Ministry of Health,,5
National Institute of Allergy and Infectious Diseases.,5
Mayo Clinic,5
National Institute of Allergy and Infectious Diseases,,5
Deutsche Forschungsgemeinschaft,5
University of California,4
Instituto de Salud Carlos III,4
Battelle,4
University of Minnesota,4
American Society for Microbiology,4
University of Georgia,,4
Miltenyi Biotec,4
BGI,4
National Medical Research Council,4
Fudan University,,4
Defense Advanced Research Projects Agency,4
American Association for the Advancement of Science;,4
Infectious Diseases Society of America,,4
Lawrence Livermore National Laboratory,4
Argonne National Laboratory.,4
University College London,4
U.S. Department of Energy,4
National Health and Medical Research Council,4
American Thoracic Society,4
GE Healthcare,4
SAS Institute,4
Pfizer,4
Alere,4
Society for Neuroscience,4
Indiana University,4
Los Alamos National Laboratory,4
Advanced Research Projects Agency,4
Public Health Agency,3
European Society of Clinical Microbiology and Infectious Diseases,3
American Thoracic Society.,3
Department of Health,,3
Bristol-Myers Squibb,,3
Natural Sciences and Engineering Research Council of Canada,3
Chinese Center for Disease Control and Prevention,3
Pediatric Infectious Diseases Society,3
U.S. Department of Health and Human Services,,3
United Nations.,3
Massachusetts Institute of Technology,3
American Association for Cancer Research,3
Ministry of Education,,3
Burroughs Wellcome Fund,3
Public Health England.,3
Public Health England,,3
Columbia University,,3
Agence Nationale de la Recherche,3
Harvard University,3
Florida Department of Health,,3
Defense Threat Reduction Agency,3
University of Melbourne,3
Chinese Academy of Sciences.,3
U.S. Food and Drug Administration,3
Iowa State University,3
American Museum of Natural History,3
University of Chicago,3
Royal Society;,3
Ministry of Health.,3
Sanofi,3
American Chemical Society.,3
University of Texas System,3
Shell,3
National Cancer Institute;,3
University of Bristol,3
Wuhan University,3
Sun Yat-sen University,3
University of Pennsylvania,3
Staples,3
Florida Department of Health,3
University of Florida,3
American Heart Association,3
Seventh Framework Programme,3
Tyson,2
British Medical Association,2
Wuhan University.,2
Infectious Diseases Society of America,2
Janssen Pharmaceuticals,,2
Purdue University,2
Agilent Technologies,,2
Department of Health.,2
University of Georgia.,2
Osaka University,,2
Biochemical Society,2
Army Research Office,2
Science and Technology Commission of Shanghai Municipality,2
United States Agency for International Development,2
American Cancer Society,2
Gilead Sciences,,2
Canadian Institutes of Health Research,2
National Institute of Food and Agriculture.,2
Amazon Web Services.,2
Ohio State University,2
Thermo Scientific,,2
Hitachi,2
China Agricultural University,2
Emory University,2
Duke University,2
Australian Synchrotron.,2
Microsoft,2
New England Biolabs,,2
Vallee Foundation,2
Hospital Authority,2
Council of Agriculture,,2
Federation of American Societies for Experimental Biology,2
U.S. Air Force,2
Biotechnology and Biological Sciences Research Council,,2
Diabetes Research Center,2
European Centre for Disease Prevention and Control,2
Deakin University,2
Institut Pasteur,,2
Partners Healthcare,2
Jackson Laboratory,,2
Jackson Laboratory.,2
Ohio State University,,2
University of Pennsylvania,,2
National Center for Emerging and Zoonotic Infectious Diseases,2
Society for Experimental Biology,2
Burroughs Wellcome Fund.,2
American Physical Society,2
Jackson Foundation,2
Chinese Academy of Sciences,,2
University Grants Commission,,2
University of Cambridge,2
Fred Hutchinson Cancer Research Center.,2
National Taiwan University,2
Clemson University,2
3M,2
Council for Scientific and Industrial Research,,2
University of Delhi,,2
Argonne National Laboratory,2
University of British Columbia,2
Conselho Nacional de Desenvolvimento Científico e Tecnológico,2
University of Sydney,2
Borders,2
Zhejiang University,2
Cornell University,2
Argonne National Laboratory,,2
Natural Environment Research Council,2
Ministry of Science and Technology,,2
Yale University.,2
Henry M. Jackson Foundation,2
American Society of Nephrology,2
National Cancer Institute.,2
Chinese Academy of Agricultural Sciences,2
Ministry of Higher Education,2
American Statistical Association,2
National Institute on Aging,2
Ministry of Public Health,,2
Fudan University,2
American Heart Association.,2
Universidad de Chile,2
Commonwealth Scientific and Industrial Research Organisation,2
Tufts University,2
University of Cambridge,,2
Ministério da Ciência, Tecnologia e Ensino Superior,2
Stanford University,2
Santen,2
Cancer Prevention and Research Institute of Texas,2
Medical Research Council,,2
Home Office,2
Hallmark,2
University of Nebraska Medical Center,,2
University of Texas Medical Branch,,2
Health and Medical Research Fund,2
Wellcome Trust.,2
National Center for Advancing Translational Sciences,2
Cancer Research Foundation,2
Pennsylvania State University.,2
University College London,,2
Pennsylvania State University,,2
University of Texas at Austin,2
KU Leuven.,1
National Institutes of Health;,1
University of Guelph,1
KU Leuven,,1
Sun Yat-sen University.,1
Michigan State University,1
Michigan Economic Development Corporation,1
Wuhan University,,1
National Institute of Diabetes and Digestive and Kidney Diseases,1
University of Bath,1
McGill University,1
International Union of Pure and Applied Chemistry,1
North Carolina Biotechnology Center,1
ABB,1
Tongji University,1
American Mathematical Society.,1
Pirbright Institute,1
Department of Health;,1
Universidad de Oviedo,1
School of Medicine;,1
U.S. Department of Agriculture.,1
Leverhulme Trust,1
Emory University.,1
Amon G. Carter Foundation,,1
U.S. Department of Agriculture,,1
University of South Carolina.,1
Emory University,,1
Korea National Institute of Health,1
University of Oklahoma,1
Novartis,1
Texas Tech University,1
Melbourne Water,,1
Fred Hutchinson Cancer Research Center,1
Lee Foundation,1
U.S. Department of Defense,1
Cornell University.,1
National Geographic Society,1
Zhejiang University,,1
Université de Montréal,1
W.M. Keck Foundation.,1
Korea National Institute of Health.,1
Morris Animal Foundation,1
Chinese Center for Disease Control and Prevention,,1
Food and Drug Administration,,1
European Research Council,,1
Council of Agriculture,1
Cystic Fibrosis Foundation,1
Duke University,,1
University at Buffalo,1
Hospices Civils de Lyon,1
Bundesministerium für Bildung und Forschung,1
Home Office.,1
Beth Israel Deaconess Medical Center,1
Sichuan University,1
Northwest University,1
NYU Langone Medical Center.,1
Jordan University of Science and Technology,,1
National Cancer Institute,1
Korea Institute of Science and Technology,1
Oracle,1
Minnesota Department of Health,1
Agencia Nacional de Investigación e Innovación,1
American Association of Immunologists;,1
Leverhulme Trust.,1
Baylor College of Medicine,1
Fudan University.,1
University of Ottawa,1
GlaxoSmithKline,1
Gates Cambridge Trust,1
University of Tokyo,1
Boehringer Ingelheim,,1
Department for Business, Innovation and Skills,,1
University of Iowa.,1
Hanyang University,1
University of Southampton,1
North Carolina State University,1
Universidad de la República, Uruguay.,1
Australian Synchrotron,,1
Siemens,1
Doris Duke Charitable Foundation.,1
Ministerio de Economía y Competitividad,1
U.S. Department of Health and Human Services.,1
Comisión Sectorial de Investigación Científica,1
University of Sydney,,1
University of Melbourne.,1
Imperial College London,1
Ottawa Hospital,1
National Institute for Health Research,,1
Australian Cancer Research Foundation,1
China Agricultural University,,1
Canadian Institute for Advanced Research.,1
University of Aberdeen,1
Jiangsu Academy of Agricultural Sciences,1
Li Ka Shing Foundation,,1
Beth Israel Deaconess Medical Center,,1
NCR,1
Carnegie Mellon University,1
American Psychiatric Association,,1
British Skin Foundation,1
National Institute of Food and Agriculture,1
Stanford University,,1
University College Dublin,,1
Louisiana State University,1
University of Washington,,1
National Center for Advancing Translational Sciences,,1
National Centre for Biological Sciences,1
University of Washington.,1
International Society for Infectious Diseases,1
Stanford University.,1
North Carolina State University,,1
Asthma UK,1
Washington State Department of Health,1
Princeton University.,1
Third Military Medical University.,1
Princeton University,,1
Chicago Community Trust,1
Society in Science,,1
Rosetrees Trust,1
Boettcher Foundation.,1
Simons Foundation.,1
Naval Medical Research Center,1
National Center for Geriatrics and Gerontology,1
Coordenação de Aperfeiçoamento de Pessoal de Nível Superior,1
Ministry of Education.,1
European Centre for Disease Prevention and Control.,1
Health Resources and Services Administration,,1
University of Pittsburgh,1
Hudson Institute,1
Centre National de la Recherche Scientifique,1
Icahn School of Medicine at Mount Sinai,1
National Institute of Arthritis and Musculoskeletal and Skin Diseases,1
Australian National University.,1
Columbia University.,1
Australian National University;,1
Science Foundation Ireland,1
Department of Primary Industries,,1
Indiana Clinical and Translational Sciences Institute,1
John Templeton Foundation.,1
International AIDS Vaccine Initiative,,1
University of Rochester,1
Ohio State University.,1
Cancer Research Institute,1
National Institute of Standards and Technology.,1
U.S. Department of Health and Human Services,1
Society for Neuroscience,,1
University of Bristol.,1
University of British Columbia;,1
Simon Fraser University.,1
University of Pennsylvania.,1
Iowa State University.,1
Colorado State University,1
Asthma Australia,1
National Science Foundation.,1
University of Queensland,,1
Cleveland Clinic,1
Brookhaven National Laboratory,1
Royal Society.,1
Royal Society,,1
International Society for Infectious Diseases,,1
Life Sciences Research Foundation.,1
Health Foundation,1
Belgian American Educational Foundation,1
Huazhong University of Science and Technology,,1
Coordenação de Aperfeiçoamento de Pessoal de Nível Superior,,1
Vrije Universiteit Brussel,1
University of New South Wales,,1
International Society for Infectious Diseases.,1
Singapore General Hospital,1
Tinker Foundation,,1
Charité Universitätsmedizin Berlin,,1
National Heart, Lung, and Blood Institute,,1
National University of Singapore,1
Global Down Syndrome Foundation,,1
Wolfson Foundation,1
Asan Institute for Life Sciences, Asan Medical Center,,1
NIH Office of the Director,1
University of Texas, Medical Branch,,1
King’s College London.,1
Ministry of Science, ICT and Future Planning,1
M.J. Murdock Charitable Trust,1
Food and Health Bureau,1
Pennsylvania State University,1
Deakin University;,1
U.S. Department of Transportation,1
Fundação Araucária.,1
University of Adelaide.,1
Nankai University.,1
Deakin University,,1
University of Chicago.,1
RAND Corporation,,1
Xi’an Jiaotong University,,1
American Statistical Association,,1
Barts and The London School of Medicine and Dentistry,1
Society of Critical Care Medicine,1
Burnet Institute.,1
California Department of Public Health,1
University of Alabama at Birmingham,1
Fundação de Amparo à Pesquisa do Estado de São Paulo,1
Laboratory Directed Research and Development,1
China Scholarship Council,1
University of California;,1
Thomas Foundation.,1
Biological and Environmental Research,1
United Nations;,1
Council of Scientific and Industrial Research,,1
Pathological Society of Great Britain and Ireland,1
European Synchrotron Radiation Facility,1
Labex,1
American Chemical Society,,1
Engineering Laboratory,1
British Lung Foundation,1
Nationwide,1
Mars,1
University of Texas at Austin,,1
American Society for Microbiology,,1
Children’s Medical Research Institute,1
Fundação para a Ciência e a Tecnologia,1
Monash University,1
Tekes,1
Chinese Academy of Medical Sciences.,1
University of Texas MD Anderson Cancer Center,1
Israel Science Foundation.,1
University of Hong Kong;,1
University of Hong Kong.,1
American Association of Immunologists,1
Arizona State University,1
Inner Mongolia Autonomous Region,1
Asthma Foundation,1
University of Hong Kong,,1
University of Connecticut.,1
Fundación Ramón Areces.,1
Public Health Institute,,1
U.S. Department of Homeland Security.,1
Academy of Medical Sciences.,1
Wageningen University.,1
Wageningen University,,1
Shanghai Jiao Tong University,1
Tsinghua University,,1
Sandler Foundation,1
Department of Biochemistry, University of Cambridge.,1
South China University of Technology,,1
Bristol-Myers Squibb,1
University of Maryland.,1
University of San Francisco,,1
John S. Dunn Foundation,,1
Intermountain Healthcare,1
Economic Research Service.,1
University of Queensland,1
National Institute of Child Health and Human Development.,1
Agency for Science, Technology and Research,1
University of Minnesota,,1
RWTH Aachen University,1
Bupa Foundation,1
Fundação de Amparo à Pesquisa do Estado de Minas Gerais,1
College of Pharmacy,1
American Chemical Society;,1
University of Cambridge.,1
Arizona Department of Health Services,1
King’s College London,1
Damon Runyon Cancer Research Foundation,1
Research and Development,,1
Research and Development.,1
Ministry of Economic Affairs,1
Federation of American Societies for Experimental Biology;,1
Los Alamos National Laboratory.,1
Los Alamos National Laboratory,,1
Generalitat Valenciana,1
Sandia National Laboratories,,1
University of Connecticut,1
Intensive Care Society.,1
Alfred P. Sloan Foundation,1
National Institute of Child Health and Human Development,1
National Center for Emerging and Zoonotic Infectious Diseases.,1
Bill and Melinda Gates Foundation.,1
American Medical Association,1
Howard Hughes Medical Institute,,1
Northwestern University,1
Instituto de Salud Carlos III.,1
Engineering and Physical Sciences Research Council,1
Ministry of Economy,,1
Japan Science and Technology Agency.,1
McGill University,,1
AstraZeneca,1
Boston University,,1
University of Texas Medical Branch.,1
Third Military Medical University,1
Columbia University,1
University of Cincinnati.,1
Medical University of South Carolina.,1
Chief Scientist Office,1
Health Research,,1
Singapore General Hospital,,1
Winston Churchill Foundation of the United States,1
York University,1
Illinois Department of Public Health,1
Deutsche Forschungsgemeinschaft,,1
Environmental Protection Agency.,1
Higher Education Press,,1
University of North Carolina,,1
Purdue University.,1
City University of Hong Kong.,1
SAS Institute,,1
Mayo Clinic,,1
Institute of Aging,1
Fogarty International Center,,1
Canada Research Chairs,1
Technische Universität Berlin,1
Ministry of Business, Innovation and Employment,,1
Université Claude Bernard Lyon 1,1
National Research Council Canada,1
University of Dhaka,1
University of North Carolina.,1
Colorado State University.,1
